id,key,value,description,updated_at
1,brand.name,SISKU,Логотип в шапке и футере,2026-09-19 21:32:37.701707+00
2,brand.tagline,мультибрендовый бутик одежды и парфюмерии,Подпись под логотипом в футере,2026-09-19 21:32:37.701707+00
3,hero.eyebrow,Осень — зима 2026,Надзаголовок первого экрана,2026-09-19 21:32:37.701707+00
4,hero.title,"Одежда и ароматы, которые остаются с вами",Заголовок первого экрана,2026-09-19 21:32:37.701707+00
5,hero.subtitle,Избранные коллекции небольших домов и нишевая парфюмерия. Оригиналы с гарантией подлинности и бережной доставкой по всей России.,Подзаголовок первого экрана,2026-09-19 21:32:37.701707+00
6,about.title,О магазине,Заголовок раздела «О магазине»,2026-09-19 21:32:37.701707+00
7,about.lead,"Sisku — витрина избранного: мы собираем коллекции небольших домов и нишевых марок, которые невозможно найти в масс-маркете.",Первый абзац раздела «О магазине»,2026-09-19 21:32:37.701707+00
8,about.text,"Каждая вещь проходит ручной отбор — по тканям, посадке и характеру коллекции. Мы работаем напрямую с брендами и официальными дистрибьюторами, поэтому гарантируем подлинность каждого товара. Заказы уезжают в плотной упаковке с фирменной лентой и открыткой, написанной от руки.",Второй абзац раздела «О магазине»,2026-09-19 21:32:37.701707+00
9,adv.1.title,Ручной отбор,"Преимущество 1, заголовок",2026-09-19 21:32:37.701707+00
10,adv.1.text,"Каждая позиция проходит отбор по тканям, посадке и характеру коллекции.","Преимущество 1, текст",2026-09-19 21:32:37.701707+00
11,adv.2.title,Гарантия подлинности,"Преимущество 2, заголовок",2026-09-19 21:32:37.701707+00
12,adv.2.text,Работаем с брендами и официальными дистрибьюторами. Батч-коды и документы — по запросу.,"Преимущество 2, текст",2026-09-19 21:32:37.701707+00
13,adv.3.title,Бережная доставка,"Преимущество 3, заголовок",2026-09-19 21:32:37.701707+00
14,adv.3.text,"Плотная упаковка, фирменная лента и открытка. СДЭК, Boxberry и курьер по Москве.","Преимущество 3, текст",2026-09-19 21:32:37.701707+00
15,adv.4.title,Поддержка без скриптов,"Преимущество 4, заголовок",2026-09-19 21:32:37.701707+00
16,adv.4.text,Отвечаем лично: поможем с размером и подбором аромата до и после заказа.,"Преимущество 4, текст",2026-09-19 21:32:37.701707+00
17,catalog.eyebrow,Каталог,Надзаголовок раздела товаров,2026-09-19 21:32:37.701707+00
18,catalog.title,Коллекция,Заголовок раздела товаров,2026-09-19 21:32:37.701707+00
19,order.payment.title,Оплата,"Карточка условий: оплата, заголовок",2026-09-19 21:32:37.701707+00
20,order.payment.text,"Три способа оплаты: перевод через СБП, перевод по номеру карты или наличными при самовывозе из шоурума. Способ фиксируется при подтверждении заказа менеджером.","Карточка условий: оплата, текст",2026-09-20 20:15:29.722146+00
21,order.delivery.title,Доставка,"Карточка условий: доставка, заголовок",2026-09-19 21:32:37.701707+00
22,order.delivery.text,"Курьер по Москве — 1–2 дня. СДЭК и Boxberry по России — 2–8 дней. Самовывоз из шоурума — бесплатно, в день заказа.","Карточка условий: доставка, текст",2026-09-19 21:32:37.701707+00
23,order.returns.title,Возврат,"Карточка условий: возврат, заголовок",2026-09-19 21:32:37.701707+00
24,order.returns.text,"Если вещь не подошла — напишите нам в течение 7 дней с момента получения. Поможем с обменом размера или возвратом, без лишних вопросов.","Карточка условий: возврат, текст",2026-09-19 21:32:37.701707+00
25,contacts.phone_display,+7 (999) 123-45-67,Контакты: телефон (заглушка),2026-09-19 21:32:37.701707+00
26,contacts.phone_href,tel:+79991234567,Контакты: ссылка на набор номера (должна совпадать с отображаемым!),2026-09-19 21:32:37.701707+00
27,contacts.email,hello@sisku.example,Контакты: e-mail (заглушка),2026-09-19 21:32:37.701707+00
28,contacts.city,"Москва, шоурум по предварительной записи",Контакты: город и шоурум,2026-09-19 21:32:37.701707+00
29,contacts.hours,Ежедневно 11:00–21:00 (МСК),Контакты: часы работы,2026-09-19 21:32:37.701707+00
30,contacts.messenger,Написать в Telegram,Контакты: подпись кнопки мессенджера,2026-09-19 22:37:53.791135+00
31,contacts.messenger_url,https://t.me/sisku_shop,Контакты: ссылка на мессенджер (заглушка),2026-09-19 22:37:53.791135+00
32,footer.description,Sisku — мультибрендовый бутик одежды и парфюмерии. Черновой макет для обсуждения.,Футер: описание,2026-09-19 21:32:37.701707+00
33,footer.copyright,© 2026 Sisku,Футер: копирайт,2026-09-19 21:32:37.701707+00
34,contacts.repo_url,https://github.com/paprekolyx/Sisku,Контакты: ссылка на репозиторий макета под блоком контактов,2026-09-19 22:37:53.791135+00